Shard,Accuracy
2,0.9444444444444444
3,0.9444444444444444
4,0.9722222222222222
5,0.9444444444444444
6,0.8888888888888888
